epochs,empty,simple,standard,srs
50,0.00026848207926377654,7.428275421261787e-05,9.22242397791706e-05,4.374256241135299e-05
100,0.00027061693253926933,3.3277858165092766e-05,4.6532368287444115e-05,6.463293539127335e-05
150,0.00025090191047638655,2.916009907494299e-05,2.59279586316552e-05,2.5636334612499923e-05
200,0.0002623311593197286,2.4212102289311588e-05,5.7402059610467404e-05,7.166306022554636e-05
250,0.00027020435663871467,4.021840504719876e-05,2.161240263376385e-05,1.6350079022231512e-05
300,0.0002483033458702266,1.7820813809521496e-05,1.7266505892621353e-05,2.4306607883772813e-05
