epochs,empty,simple,standard,srs
50,0.04501025006175041,0.022286459803581238,0.025666814297437668,0.016462715342640877
100,0.020069578662514687,0.0020399694330990314,0.018737511709332466,0.033469364047050476
150,0.022098558023571968,0.002243021037429571,0.0017264727503061295,0.0061261351220309734
200,0.01786014251410961,0.001316879759542644,0.021790342405438423,0.005688563454896212
250,0.03164534643292427,0.004468425177037716,0.006608971860259771,0.0015699168434366584
300,0.02630726434290409,0.0010590626625344157,0.0021367312874644995,0.010761247016489506
